Nr;Datei;Titel;Urheber / Herkunft;Datierung;Institution;Lizenz;Quelle
01;bild_01.jpg;Teapot;Meissen Porcelain Manufactory, Germany;1723/24;Art Institute of Chicago;CC0 (Public Domain);https://www.artic.edu/artworks/117267
02;bild_02.jpg;Saints John the Baptist and Catherine of Alexandria;Paolo Veneziano (Italian, active 1333–1358);c. 1350;Art Institute of Chicago;CC0 (Public Domain);https://www.artic.edu/artworks/59971
03;bild_03.jpg;Cabaret de l'Homme Armé, Rue des Blancs-Manteaux;Jean-Eugène-Auguste Atget (French, 1857–1927);1900;Art Institute of Chicago;CC0 (Public Domain);https://www.artic.edu/artworks/223184
04;bild_04.jpg;Portrait of Sailor;Chute & Brooks;1875/99;Art Institute of Chicago;CC0 (Public Domain);https://www.artic.edu/artworks/60119
05;bild_05.jpg;Pastoral Landscape with Ruins;Adriaen van de Velde (Dutch, 1636–1672);1664;Art Institute of Chicago;CC0 (Public Domain);https://www.artic.edu/artworks/863
06;bild_06.jpg;A Sunday on La Grande Jatte — 1884;Georges Seurat (French, 1859–1891);1884–86;Art Institute of Chicago;CC0 (Public Domain);https://www.artic.edu/artworks/27992
07;bild_07.jpg;Elevator Grille Ornament;Louis H. Sullivan (American);1903/04;Art Institute of Chicago;CC0 (Public Domain);https://www.artic.edu/artworks/36536
08;bild_08.jpg;Krishna and Radha in a Pavilion, from a copy of the Sat Sai of Bihari;India, Rajasthan, Mewar;1719;Art Institute of Chicago;CC0 (Public Domain);https://www.artic.edu/artworks/93926
09;bild_09.jpg;J.C. Boldoot Eau de Cologne;Privat-Livemont (Belgian, 1861–1936);c. 1899;Art Institute of Chicago;CC0 (Public Domain);https://www.artic.edu/artworks/16876
10;bild_10.jpg;Sampler (Map);England;c. 1800;Art Institute of Chicago;CC0 (Public Domain);https://www.artic.edu/artworks/15132
11;bild_11.jpg;Elbinger Zeitung und Elbinger Anzeigen, no. 1, Dienstag 1. Januar 1889;Elbinger Zeitung;1889;Elbląska Biblioteka Cyfrowa via Europeana;Public Domain Mark 1.0;https://www.europeana.eu/item/0940411/_nnnZ0Zv
12;bild_12.jpg;Gruppenfoto Sportverein (Postkarte);Norddeutsche Porträt-Zentrale, Stettin;ca. 1910;Museum im Schloss Bad Pyrmont via Europeana;CC0 1.0;https://ku-ni.de/record_kuniweb_1396475
